customer_id,first_name,last_name,email
1,Jean,Kincla,jkincla0@earthlink.net
2,Else,Haslehurst,ehaslehurst1@indiatimes.com
3,Daisey,Verrell,dverrell2@bing.com
4,Rowland,Likly,rlikly3@businessinsider.com
5,Latia,Dallas,ldallas4@forbes.com
6,Flora,Birtle,fbirtle5@geocities.jp
7,Aveline,Maasze,amaasze6@ifeng.com
8,Nikolia,Longea,nlongea7@symantec.com
9,Jemimah,Squibe,jsquibe8@rambler.ru
10,Jessalin,Delagnes,jdelagnes9@comcast.net
11,Antony,Harbage,aharbagea@umich.edu
12,Cathy,Bahlmann,cbahlmannb@oracle.com
13,Winslow,Yare,wyarec@wix.com
14,Maximilien,McKearnen,mmckearnend@dagondesign.com
15,Gris,Blum,gblume@plala.or.jp
16,Alfonse,Mylchreest,amylchreestf@quantcast.com
17,Gaelan,Etherton,gethertong@ifeng.com
18,Onfre,Mansford,omansfordh@oracle.com
19,Clarita,Robjohns,crobjohnsi@naver.com
20,Jeffy,Dymock,jdymockj@cbc.ca
21,Herminia,Enos,henosk@vinaora.com
22,Norrie,Mallabone,nmallabonel@abc.net.au
23,Amii,Murr,amurrm@squidoo.com
24,Clarissa,Whiten,cwhitenn@cmu.edu
25,Weidar,Wallage,wwallageo@godaddy.com
26,Winfred,Gullan,wgullanp@epa.gov
27,Baryram,Loftus,bloftusq@slate.com
28,Kareem,Pittwood,kpittwoodr@wordpress.com
29,Leigh,O'Cosgra,locosgras@answers.com
30,Byrom,Fatkin,bfatkint@mysql.com
31,Harriott,Cartmill,hcartmillu@quantcast.com
32,Gilberto,Kubiak,gkubiakv@dailymail.co.uk
33,Charmaine,Keyes,ckeyesw@yolasite.com
34,Niccolo,McKeevers,nmckeeversx@mit.edu
35,Fletch,Banasik,fbanasiky@reference.com
36,Ingeborg,Osmar,iosmarz@bloomberg.com
37,Norine,Ellor,nellor10@dion.ne.jp
38,Arvy,Robard,arobard11@marketwatch.com
39,Ingrid,Heinz,iheinz12@bravesites.com
40,Tiffi,Deelay,tdeelay13@wp.com
41,Brina,Bugler,bbugler14@baidu.com
42,Claudetta,Whear,cwhear15@ed.gov
43,Agathe,Hussy,ahussy16@zdnet.com
44,Wallie,Maisey,wmaisey17@creativecommons.org
45,Trixi,Cristoferi,tcristoferi18@examiner.com
46,Eve,Spence,espence19@nyu.edu
47,Micky,Ivanchikov,mivanchikov1a@vimeo.com
48,Claude,Kamien,ckamien1b@pen.io
49,Gris,Busen,gbusen1c@stanford.edu
50,Danyelle,Chellam,dchellam1d@is.gd
51,Cheslie,Halvorsen,chalvorsen1e@wix.com
52,Lonnie,Veschambre,lveschambre1f@sciencedirect.com
53,Emmalyn,Bezzant,ebezzant1g@photobucket.com
54,Annmaria,Vasey,avasey1h@360.cn
55,Leanna,Tockell,ltockell1i@ted.com
56,Collete,Marlin,cmarlin1j@ibm.com
57,Padraic,Dayce,pdayce1k@linkedin.com
58,Glynis,Chessor,gchessor1l@blogspot.com
59,Myra,Kraft,mkraft1m@paypal.com
60,Bernelle,Stichel,bstichel1n@wufoo.com
61,Daffi,Antyukhin,dantyukhin1o@google.nl
62,Laurette,Wilkennson,lwilkennson1p@taobao.com
63,Freida,Christol,fchristol1q@opera.com
64,Nonie,Peascod,npeascod1r@behance.net
65,Rebbecca,Overbury,roverbury1s@moonfruit.com
66,Janella,Panting,jpanting1t@live.com
67,Brigida,Elan,belan1u@seesaa.net
68,Frieda,Brown,fbrown1v@washingtonpost.com
69,Hurley,Regi,hregi1w@senate.gov
70,Sonnie,Tabrett,stabrett1x@sbwire.com
71,Stinky,Dowdeswell,sdowdeswell1y@exblog.jp
72,Brooke,Tregea,btregea1z@house.gov
73,Hershel,Shelf,hshelf20@hatena.ne.jp
74,Anna-diana,Fairall,afairall21@ebay.com
75,Wilfrid,Fri,wfri22@house.gov
76,Gilemette,Boame,gboame23@hc360.com
77,Tommie,Philbrook,tphilbrook24@geocities.jp
78,Cora,Stourton,cstourton25@w3.org
79,Datha,Van Der Straaten,dvanderstraaten26@creativecommons.org
80,Erv,Luxen,eluxen27@t-online.de
81,Kristel,Brugh,kbrugh28@cloudflare.com
82,Nancey,Caurah,ncaurah29@usgs.gov
83,Wallace,MacFarlan,wmacfarlan2a@cmu.edu
84,Clerc,Jovis,cjovis2b@boston.com
85,Homerus,Gerlts,hgerlts2c@epa.gov
86,Elberta,Maggill'Andreis,emaggillandreis2d@ifeng.com
87,Thea,Mahady,tmahady2e@engadget.com
88,Flem,Ruggier,fruggier2f@acquirethisname.com
89,Goldy,Farnsworth,gfarnsworth2g@google.com.au
90,Rubin,Tabard,rtabard2h@dropbox.com
91,Muire,Weblin,mweblin2i@amazon.co.uk
92,Freeland,Knaggs,fknaggs2j@etsy.com
93,Dame,Haslam,dhaslam2k@blogspot.com
94,Rey,Wilgar,rwilgar2l@tamu.edu
95,Jocelyn,Bonnavant,jbonnavant2m@tamu.edu
96,Gilberta,Kenyam,gkenyam2n@cam.ac.uk
97,Tailor,Bille,tbille2o@dropbox.com
98,Odie,Ownsworth,oownsworth2p@slashdot.org
99,Sondra,Pratton,spratton2q@list-manage.com
100,Reyna,Anderbrugge,randerbrugge2r@mozilla.org
101,Jeno,Element,jelement2s@prnewswire.com
102,Gerome,Danels,gdanels2t@chicagotribune.com
103,Augie,Tydd,atydd2u@msn.com
104,Itch,Deacon,ideacon2v@home.pl
105,Frederica,Kleinhaut,fkleinhaut2w@livejournal.com
106,Tabbitha,Pull,tpull2x@qq.com
107,Gaylord,Ambresin,gambresin2y@yolasite.com
108,Juliann,Penticoot,jpenticoot2z@squarespace.com
109,Theda,McGonagle,tmcgonagle30@fotki.com
110,Myca,Elvish,melvish31@sina.com.cn
111,Zandra,Coult,zcoult32@usgs.gov
112,Arman,Slemmonds,aslemmonds33@taobao.com
113,Shena,Rayburn,srayburn34@geocities.jp
114,Rozele,Duddle,rduddle35@yolasite.com
115,Maritsa,Fairbanks,mfairbanks36@bloglines.com
116,Tuck,Tennant,ttennant37@scribd.com
117,Cynthy,Steedman,csteedman38@virginia.edu
118,Paige,Curwen,pcurwen39@infoseek.co.jp
119,Benji,Saxby,bsaxby3a@free.fr
120,Corney,Magson,cmagson3b@jalbum.net
121,Calida,Morriss,cmorriss3c@irs.gov
122,Damaris,Nicely,dnicely3d@unc.edu
123,Philip,Chaffer,pchaffer3e@icio.us
124,Kimmi,Kynder,kkynder3f@google.ru
125,Star,Spadazzi,sspadazzi3g@stumbleupon.com
126,Clint,Chipperfield,cchipperfield3h@timesonline.co.uk
127,Rhetta,Axon,raxon3i@usda.gov
128,Deeyn,Bodechon,dbodechon3j@goodreads.com
129,Archibaldo,Walne,awalne3k@dyndns.org
130,Moises,Rubens,mrubens3l@hexun.com
131,Rori,Osipenko,rosipenko3m@twitpic.com
132,Granville,Willicott,gwillicott3n@ustream.tv
133,Ronnie,Ligertwood,rligertwood3o@mediafire.com
134,Gerry,Jedrys,gjedrys3p@soundcloud.com
135,Irv,Clive,iclive3q@umn.edu
136,Val,Davidde,vdavidde3r@miitbeian.gov.cn
137,Cornelius,Rettie,crettie3s@freewebs.com
138,Travus,Holliar,tholliar3t@aboutads.info
139,Hussein,Marioneau,hmarioneau3u@yahoo.com
140,Kacey,Deguara,kdeguara3v@elegantthemes.com
141,Marlyn,Grayshon,mgrayshon3w@tiny.cc
142,Nil,Jakuszewski,njakuszewski3x@cbslocal.com
143,Bria,Laurenty,blaurenty3y@opensource.org
144,Haleigh,Garmston,hgarmston3z@usgs.gov
145,Avram,Blackman,ablackman40@cbsnews.com
146,Maxy,Northbridge,mnorthbridge41@twitpic.com
147,Andriette,Garbar,agarbar42@skype.com
148,Chester,McCorkell,cmccorkell43@washington.edu
149,Ham,Rushe,hrushe44@patch.com
150,Annabella,Curner,acurner45@tuttocitta.it
151,Chad,Boreham,cboreham46@rediff.com
152,Tudor,Cicconetti,tcicconetti47@reverbnation.com
153,Mella,Filippucci,mfilippucci48@stumbleupon.com
154,Ossie,Tuhy,otuhy49@pcworld.com
155,Wain,Mayes,wmayes4a@ezinearticles.com
156,Missy,Stonhard,mstonhard4b@princeton.edu
157,Sibella,Kobel,skobel4c@creativecommons.org
158,Aliza,Campos,acampos4d@xing.com
159,Kermy,Ledeker,kledeker4e@xrea.com
160,Maisey,Eskrigg,meskrigg4f@w3.org
161,Basile,Houselee,bhouselee4g@liveinternet.ru
162,Keefe,Hemms,khemms4h@google.de
163,Cassaundra,Whitwam,cwhitwam4i@odnoklassniki.ru
164,Nanette,Frapwell,nfrapwell4j@zimbio.com
165,Judi,Feilden,jfeilden4k@wordpress.org
166,Benedicta,Pardew,bpardew4l@sina.com.cn
167,Eula,Newick,enewick4m@umich.edu
168,Olenka,Gracey,ogracey4n@cnet.com
169,Lorine,Fydoe,lfydoe4o@wikispaces.com
170,Bobbee,Feechan,bfeechan4p@unicef.org
171,Inga,Lukianov,ilukianov4q@a8.net
172,Ibrahim,Caser,icaser4r@jimdo.com
173,Kass,Itzakson,kitzakson4s@youku.com
174,Carolan,Addionisio,caddionisio4t@amazon.co.jp
175,Page,Glendza,pglendza4u@about.me
176,Hillie,Tiley,htiley4v@jalbum.net
177,Kelley,Allso,kallso4w@mayoclinic.com
178,Herman,Kennea,hkennea4x@is.gd
179,Adrian,Seedman,aseedman4y@taobao.com
180,Mattias,Warters,mwarters4z@gnu.org
181,Estrella,Gorden,egorden50@cnn.com
182,Erich,Stibbs,estibbs51@gravatar.com
183,Zara,Jerram,zjerram52@chron.com
184,Jesse,Eicke,jeicke53@flavors.me
185,Kessia,Gramer,kgramer54@ustream.tv
186,Peggie,Leversha,pleversha55@google.es
187,Karie,Fullagar,kfullagar56@php.net
188,Mycah,Barracks,mbarracks57@home.pl
189,Rob,Soulsby,rsoulsby58@nationalgeographic.com
190,Gerick,McIlory,gmcilory59@prnewswire.com
191,Renate,Ternott,rternott5a@google.pl
192,Corie,McGirl,cmcgirl5b@ocn.ne.jp
193,Beth,Mowlam,bmowlam5c@senate.gov
194,Eben,Essery,eessery5d@booking.com
195,Deina,Danbrook,ddanbrook5e@nydailynews.com
196,Ginnifer,Benoix,gbenoix5f@ameblo.jp
197,Gnni,Castenda,gcastenda5g@mtv.com
198,Dulci,Malley,dmalley5h@who.int
199,Ruthi,Conrad,rconrad5i@51.la
200,Michell,Arrol,marrol5j@wikispaces.com
201,Delcine,Baumer,dbaumer5k@diigo.com
202,Sharla,Conrard,sconrard5l@scientificamerican.com
203,Truda,Pringer,tpringer5m@dedecms.com
204,Odell,Woodward,owoodward5n@irs.gov
205,Rurik,Titcumb,rtitcumb5o@list-manage.com
206,Laureen,Pele,lpele5p@over-blog.com
207,Doll,Duhig,dduhig5q@imgur.com
208,Aurilia,Zotto,azotto5r@wisc.edu
209,Philip,Bubbear,pbubbear5s@tinyurl.com
210,Tybi,Bleything,tbleything5t@ovh.net
211,Marice,Cicetti,mcicetti5u@webs.com
212,Gerladina,Grealish,ggrealish5v@1688.com
213,Catherina,Vivian,cvivian5w@deliciousdays.com
214,Wilden,Compston,wcompston5x@ehow.com
215,Orrin,Hrynczyk,ohrynczyk5y@last.fm
216,Vivyanne,Tubby,vtubby5z@godaddy.com
217,Tiffie,Lamey,tlamey60@360.cn
218,Pepi,Portman,pportman61@digg.com
219,Atlanta,Widdowfield,awiddowfield62@goodreads.com
220,Piper,Baskeyfied,pbaskeyfied63@japanpost.jp
221,Olvan,Southcombe,osouthcombe64@dagondesign.com
222,Elfrieda,Scain,escain65@friendfeed.com
223,Rani,Ravilious,rravilious66@discuz.net
224,Mahalia,Cribbott,mcribbott67@businessweek.com
225,Jeno,Schirak,jschirak68@ucla.edu
226,Vivianna,McElhinney,vmcelhinney69@latimes.com
227,Harlene,Ccomini,hccomini6a@fema.gov
228,Ambrosi,Lunt,alunt6b@senate.gov
229,Berky,O'Fogarty,bofogarty6c@apache.org
230,Jammie,Yallop,jyallop6d@1und1.de
231,Valene,Cristofari,vcristofari6e@altervista.org
232,Winny,Effaunt,weffaunt6f@zimbio.com
233,Genna,Brinson,gbrinson6g@google.pl
234,Henrie,Le Gall,hlegall6h@shareasale.com
235,Frants,Gossington,fgossington6i@lulu.com
236,Halsey,Primett,hprimett6j@is.gd
237,Sherry,Nuscha,snuscha6k@canalblog.com
238,Babb,Aldhous,baldhous6l@bbc.co.uk
239,Stan,Ingliby,singliby6m@illinois.edu
240,Benni,Dronsfield,bdronsfield6n@icq.com
241,Alyda,Le Estut,aleestut6o@chicagotribune.com
242,Delly,Simek,dsimek6p@livejournal.com
243,Joe,Stanfield,jstanfield6q@studiopress.com
244,Benjy,Mertsching,bmertsching6r@1und1.de
245,Shelley,Orknay,sorknay6s@ameblo.jp
246,Clair,Hearsey,chearsey6t@sfgate.com
247,Benedick,Waller-Bridge,bwallerbridge6u@cnn.com
248,Arlina,Figura,afigura6v@newyorker.com
249,Camey,Filipiak,cfilipiak6w@europa.eu
250,Gilda,Ardy,gardy6x@gmpg.org
251,Aldo,Elphinston,aelphinston6y@arizona.edu
252,Inesita,Whitcomb,iwhitcomb6z@nba.com
253,Timothee,Eastham,teastham70@gizmodo.com
254,Melania,Beldham,mbeldham71@goo.ne.jp
255,Suzi,Mathew,smathew72@vkontakte.ru
256,Ki,Inkin,kinkin73@newsvine.com
257,Herminia,Aspinell,haspinell74@yelp.com
258,Bessy,Rodrigo,brodrigo75@fastcompany.com
259,Riannon,Bewley,rbewley76@microsoft.com
260,Lib,Burle,lburle77@pinterest.com
261,Perri,Punshon,ppunshon78@spiegel.de
262,Jessika,Wheeler,jwheeler79@prlog.org
263,Nani,Kamienski,nkamienski7a@lulu.com
264,Eliot,Chalfain,echalfain7b@tripod.com
265,Hallsy,Maisey,hmaisey7c@amazon.co.uk
266,Miquela,Matthensen,mmatthensen7d@mozilla.com
267,Eliot,Roback,eroback7e@mayoclinic.com
268,Cookie,Filchagin,cfilchagin7f@gnu.org
269,Tam,Burnham,tburnham7g@sourceforge.net
270,Margarete,Penwright,mpenwright7h@weibo.com
271,Valenka,Leak,vleak7i@slashdot.org
272,Hilario,Dafter,hdafter7j@drupal.org
273,Ettie,Kilborn,ekilborn7k@nasa.gov
274,Eustace,Sebert,esebert7l@symantec.com
275,Doro,Stearn,dstearn7m@smh.com.au
276,Gerardo,Lund,glund7n@clickbank.net
277,Ninon,Philips,nphilips7o@ucsd.edu
278,Emmalynn,Lamprey,elamprey7p@eepurl.com
279,Nat,Woodnutt,nwoodnutt7q@vk.com
280,Porty,Olivi,polivi7r@usda.gov
281,Blondelle,Piscotti,bpiscotti7s@com.com
282,Branden,Devereu,bdevereu7t@netscape.com
283,Lindsey,Finkle,lfinkle7u@yahoo.com
284,Bernette,Torrance,btorrance7v@imdb.com
285,Tine,Gasker,tgasker7w@cpanel.net
286,Clayborn,Kenyon,ckenyon7x@quantcast.com
287,Magda,Fairbard,mfairbard7y@yandex.ru
288,Anna-diana,McCuis,amccuis7z@liveinternet.ru
289,Hamid,Coneybeer,hconeybeer80@ezinearticles.com
290,Georgianna,McGaugie,gmcgaugie81@usatoday.com
291,Kip,Scogings,kscogings82@last.fm
292,Mace,Josskowitz,mjosskowitz83@hubpages.com
293,Lucia,Dallmann,ldallmann84@livejournal.com
294,Bailey,Gandey,bgandey85@deliciousdays.com
295,Joleen,Jouanet,jjouanet86@meetup.com
296,Bambie,Walkingshaw,bwalkingshaw87@exblog.jp
297,Freddie,Canning,fcanning88@disqus.com
298,Hercules,Pecht,hpecht89@sitemeter.com
299,Averell,Jorry,ajorry8a@oaic.gov.au
300,Aggie,Dearing,adearing8b@msn.com
301,Khalil,Koppelmann,kkoppelmann8c@twitpic.com
302,Roldan,Corrington,rcorrington8d@cnbc.com
303,Viki,Ogilvie,vogilvie8e@myspace.com
304,Desiri,Guerri,dguerri8f@chronoengine.com
305,Millard,Lambarth,mlambarth8g@cmu.edu
306,Cleveland,Carek,ccarek8h@aboutads.info
307,Eziechiele,Odney,eodney8i@gizmodo.com
308,Virge,Trobridge,vtrobridge8j@over-blog.com
309,Fitz,Ainsby,fainsby8k@java.com
310,Lawrence,Hawkswood,lhawkswood8l@google.co.jp
311,Querida,Vigietti,qvigietti8m@wired.com
312,Mae,Morratt,mmorratt8n@kickstarter.com
313,Leanor,Frame,lframe8o@marriott.com
314,Joletta,Marchington,jmarchington8p@nifty.com
315,Pat,Antowski,pantowski8q@reddit.com
316,Allison,Raisbeck,araisbeck8r@youtu.be
317,Wadsworth,Macguire,wmacguire8s@list-manage.com
318,Waldo,Paolucci,wpaolucci8t@ucsd.edu
319,Rafaellle,Castaignet,rcastaignet8u@nymag.com
320,Blanche,Eldin,beldin8v@buzzfeed.com
321,Edythe,Cusworth,ecusworth8w@hatena.ne.jp
322,Marietta,Howselee,mhowselee8x@blinklist.com
323,Allie,Petrelli,apetrelli8y@liveinternet.ru
324,Robert,Jeanneau,rjeanneau8z@constantcontact.com
325,Ashbey,Jiracek,ajiracek90@macromedia.com
326,Doretta,Twiddy,dtwiddy91@feedburner.com
327,Chen,Goulder,cgoulder92@i2i.jp
328,Marcello,Capnerhurst,mcapnerhurst93@comsenz.com
329,Mick,Ellum,mellum94@boston.com
330,Wilma,Armor,warmor95@state.tx.us
331,Townsend,Sarl,tsarl96@technorati.com
332,Tirrell,Tue,ttue97@google.de
333,Asher,Ditch,aditch98@ibm.com
334,Timothee,Topping,ttopping99@disqus.com
335,Vachel,Fricker,vfricker9a@de.vu
336,Marja,Alexandrou,malexandrou9b@deviantart.com
337,Jeno,Mattecot,jmattecot9c@ed.gov
338,Camellia,Cousin,ccousin9d@hostgator.com
339,Gerard,Storrier,gstorrier9e@arstechnica.com
340,Wendall,Cordero,wcordero9f@washingtonpost.com
341,Mallorie,Arlet,marlet9g@plala.or.jp
342,Deanne,Zannolli,dzannolli9h@omniture.com
343,Hi,Lenglet,hlenglet9i@craigslist.org
344,Jackie,Diggles,jdiggles9j@mit.edu
345,Pru,Paine,ppaine9k@wufoo.com
346,Simon,Filimore,sfilimore9l@ask.com
347,York,Inger,yinger9m@ucla.edu
348,Bernetta,Braysher,bbraysher9n@mysql.com
349,Heddie,Saing,hsaing9o@friendfeed.com
350,Gelya,Handrock,ghandrock9p@usnews.com
351,Aurea,Synan,asynan9q@bloomberg.com
352,Basil,Meakes,bmeakes9r@guardian.co.uk
353,Wells,Michin,wmichin9s@redcross.org
354,Deni,Bartak,dbartak9t@dedecms.com
355,Edlin,Hunnisett,ehunnisett9u@sun.com
356,Mia,Anthona,manthona9v@ezinearticles.com
357,Gavra,Adamovich,gadamovich9w@chicagotribune.com
358,Tonie,Mathen,tmathen9x@fda.gov
359,Lark,Arsmith,larsmith9y@umich.edu
360,Tann,Ackerley,tackerley9z@vk.com
361,Gwenneth,Jaffra,gjaffraa0@quantcast.com
362,Darrell,Dunthorn,ddunthorna1@smh.com.au
363,Ivy,De Cleyne,idecleynea2@amazonaws.com
364,Earvin,Paragreen,eparagreena3@angelfire.com
365,Clementina,Friett,cfrietta4@shop-pro.jp
366,Roselle,Haley,rhaleya5@slideshare.net
367,Erskine,Barck,ebarcka6@admin.ch
368,Valerie,Featherstonehaugh,vfeatherstonehaugha7@blinklist.com
369,Farlie,Kezourec,fkezoureca8@paginegialle.it
370,Ware,Frounks,wfrounksa9@vk.com
371,Max,Spivie,mspivieaa@dedecms.com
372,Cory,Havercroft,chavercroftab@free.fr
373,Erek,Hulls,ehullsac@weebly.com
374,Josh,Rappa,jrappaad@histats.com
375,Dennie,Able,dableae@msn.com
376,Clementius,Hysom,chysomaf@barnesandnoble.com
377,Erick,Seiter,eseiterag@dedecms.com
378,Ronda,Brisset,rbrissetah@gov.uk
379,Domenic,Sherlock,dsherlockai@sbwire.com
380,Cleopatra,Scopes,cscopesaj@mapquest.com
381,Saleem,Droghan,sdroghanak@opensource.org
382,Alonzo,Bessey,abesseyal@zdnet.com
383,Timmy,Cominoli,tcominoliam@arstechnica.com
384,Cindi,Fossord,cfossordan@e-recht24.de
385,Hastie,Fevers,hfeversao@narod.ru
386,Inger,Norkutt,inorkuttap@biglobe.ne.jp
387,Jayne,McIlmorow,jmcilmorowaq@slate.com
388,Harry,Tebboth,htebbothar@123-reg.co.uk
389,Shanon,Scardefield,sscardefieldas@netlog.com
390,Bibby,Ratchford,bratchfordat@disqus.com
391,Timmy,Boat,tboatau@yale.edu
392,Barbette,Krystek,bkrystekav@weather.com
393,Rayner,Gadeaux,rgadeauxaw@apple.com
394,Ulises,Pizey,upizeyax@quantcast.com
395,Nita,Hinckley,nhinckleyay@quantcast.com
396,Emilia,Goodreid,egoodreidaz@studiopress.com
397,Judi,Gilloran,jgilloranb0@pbs.org
398,Tory,Ducker,tduckerb1@mozilla.com
399,Ellwood,Dowbiggin,edowbigginb2@msn.com
400,Gannie,Rummin,grumminb3@narod.ru
401,Baird,Spinas,bspinasb4@mapy.cz
402,Minnie,Borthe,mbortheb5@paginegialle.it
403,Joellyn,Felton,jfeltonb6@wunderground.com
404,Valerye,Vittel,vvittelb7@yahoo.com
405,Eleni,Aindriu,eaindriub8@usatoday.com
406,Caitrin,Aldam,caldamb9@noaa.gov
407,Gabby,Cosgrave,gcosgraveba@naver.com
408,Gilemette,Pollicott,gpollicottbb@npr.org
409,Casi,Malec,cmalecbc@irs.gov
410,Lavena,Kellie,lkelliebd@hp.com
411,Sharla,Kimbling,skimblingbe@google.com
412,Justinian,Haisell,jhaisellbf@multiply.com
413,Helene,Carthy,hcarthybg@yale.edu
414,Ulysses,Ladloe,uladloebh@google.nl
415,Lacee,Janaszewski,ljanaszewskibi@marketwatch.com
416,Kore,Hawkwood,khawkwoodbj@toplist.cz
417,Fin,Faire,ffairebk@shareasale.com
418,Toinette,Mardy,tmardybl@apache.org
419,Reynolds,Fredy,rfredybm@loc.gov
420,Madelon,Behnen,mbehnenbn@hubpages.com
421,Freddy,Gane,fganebo@google.com.br
422,Ethelin,Palfree,epalfreebp@cam.ac.uk
423,Valentine,Caseley,vcaseleybq@youku.com
424,Belia,Wray,bwraybr@smugmug.com
425,Darcy,Spat,dspatbs@privacy.gov.au
426,Talbot,Tregian,ttregianbt@ebay.co.uk
427,Ermin,Kerby,ekerbybu@vimeo.com
428,Celestyna,O'Moylan,comoylanbv@github.com
429,Bernelle,Mack,bmackbw@github.io
430,Lovell,Britcher,lbritcherbx@moonfruit.com
431,Tracey,Main,tmainby@flavors.me
432,Christalle,Curragh,ccurraghbz@ustream.tv
433,Pansie,Lucien,plucienc0@php.net
434,Graeme,Dominka,gdominkac1@infoseek.co.jp
435,Monah,Cardis,mcardisc2@cbsnews.com
436,Vivianne,Hember,vhemberc3@cdc.gov
437,Sib,Carrel,scarrelc4@freewebs.com
438,Dimitri,Schwant,dschwantc5@oakley.com
439,Letta,Brunke,lbrunkec6@forbes.com
440,Abbie,Doniso,adonisoc7@rambler.ru
441,Mikkel,Coxwell,mcoxwellc8@va.gov
442,Elmira,Allabarton,eallabartonc9@sfgate.com
443,Doll,Palfreeman,dpalfreemanca@tinypic.com
444,Lemmie,Nevison,lnevisoncb@github.io
445,Jaquith,Gipp,jgippcc@fastcompany.com
446,Alia,Krier,akriercd@slideshare.net
447,Martita,Fidgett,mfidgettce@mysql.com
448,Kalindi,Bryceson,kbrycesoncf@wisc.edu
449,Yoko,Arnoldi,yarnoldicg@jiathis.com
450,Abner,Oxlee,aoxleech@printfriendly.com
451,Lorilee,Grattan,lgrattanci@time.com
452,Kellen,Bleyman,kbleymancj@twitter.com
453,Brnaby,Qualtro,bqualtrock@cisco.com
454,Carmelina,Tedder,cteddercl@house.gov
455,Xever,Latus,xlatuscm@dyndns.org
456,Des,Jepperson,djeppersoncn@4shared.com
457,Kaspar,Goldberg,kgoldbergco@imgur.com
458,Missy,Daintree,mdaintreecp@mail.ru
459,Bryan,Millam,bmillamcq@hugedomains.com
460,Marie-ann,Clements,mclementscr@seattletimes.com
461,Addi,McCamish,amccamishcs@skype.com
462,Sayre,Been,sbeenct@reddit.com
463,John,Pien,jpiencu@apache.org
464,Marge,Carvil,mcarvilcv@barnesandnoble.com
465,Glad,McCooke,gmccookecw@businesswire.com
466,Nat,Dyball,ndyballcx@census.gov
467,Sianna,Tesauro,stesaurocy@hud.gov
468,Noemi,Eyrl,neyrlcz@ibm.com
469,Serene,MacSkeagan,smacskeagand0@nsw.gov.au
470,Corilla,Radclyffe,cradclyffed1@rediff.com
471,Gaultiero,Abberley,gabberleyd2@studiopress.com
472,Desiree,Yallop,dyallopd3@opensource.org
473,Rhea,Catton,rcattond4@newsvine.com
474,Elisabetta,De Mattia,edemattiad5@bizjournals.com
475,Dewie,Rielly,driellyd6@pen.io
476,Zebulon,Byles,zbylesd7@gizmodo.com
477,Deidre,Tollow,dtollowd8@istockphoto.com
478,Hetti,Benyon,hbenyond9@walmart.com
479,Harvey,Troman,htromanda@cpanel.net
480,Oswald,Perfili,operfilidb@addthis.com
481,Leshia,Janikowski,ljanikowskidc@taobao.com
482,Charis,Toulamain,ctoulamaindd@baidu.com
483,Niles,Jelly,njellyde@posterous.com
484,Ferguson,Semrad,fsemraddf@myspace.com
485,Maxine,Rimer,mrimerdg@harvard.edu
486,Suzi,Levin,slevindh@prnewswire.com
487,Vernon,Kohneke,vkohnekedi@nature.com
488,Evangelina,Pardoe,epardoedj@fastcompany.com
489,Borden,Hymus,bhymusdk@archive.org
490,Putnam,Chadwick,pchadwickdl@mtv.com
491,Nonie,Franz,nfranzdm@geocities.jp
492,Lillian,Speaks,lspeaksdn@bbc.co.uk
493,Mayne,Landrean,mlandreando@posterous.com
494,Clareta,Alten,caltendp@eventbrite.com
495,Colet,Northing,cnorthingdq@constantcontact.com
496,Tessa,Newis,tnewisdr@newyorker.com
497,Alfons,Jacquest,ajacquestds@ucsd.edu
498,Marc,Fairnington,mfairningtondt@icq.com
499,Gerda,Tredwell,gtredwelldu@google.es
500,Georas,Love,glovedv@liveinternet.ru
501,Omar,Santon,osantondw@kickstarter.com
502,Miguel,Levesque,mlevesquedx@examiner.com
503,Fritz,May,fmaydy@psu.edu
504,Averil,Muddiman,amuddimandz@reverbnation.com
505,Fionnula,Fawks,ffawkse0@usnews.com
506,Juieta,Penswick,jpenswicke1@ocn.ne.jp
507,Edlin,Stubbings,estubbingse2@nasa.gov
508,Nataline,Tettersell,ntetterselle3@msu.edu
509,Bogey,Paolillo,bpaolilloe4@vistaprint.com
510,Menard,Arnout,marnoute5@ask.com
511,Iolande,Larkin,ilarkine6@shop-pro.jp
512,Ursala,Burkett,uburkette7@yahoo.com
513,Moshe,Taynton,mtayntone8@mac.com
514,Mano,Esposita,mespositae9@alibaba.com
515,Dylan,McGee,dmcgeeea@state.tx.us
516,Tabbatha,Dring,tdringeb@angelfire.com
517,Siana,Kidwell,skidwellec@cloudflare.com
518,Fred,Kwietek,fkwieteked@google.co.jp
519,Shane,Braim,sbraimee@nih.gov
520,Yancey,Every,yeveryef@about.com
521,Wallis,Wilse,wwilseeg@barnesandnoble.com
522,Valentina,Cecil,vcecileh@cloudflare.com
523,Papagena,Domanek,pdomanekei@zimbio.com
524,Sean,Vasile,svasileej@w3.org
525,Fons,Garnsworth,fgarnsworthek@lulu.com
526,Rafa,Piner,rpinerel@infoseek.co.jp
527,Spence,Cassy,scassyem@ask.com
528,Joellyn,Hance,jhanceen@xing.com
529,Gasparo,Eddicott,geddicotteo@latimes.com
530,Appolonia,Skippings,askippingsep@acquirethisname.com
531,Lelah,Slimings,lslimingseq@wikipedia.org
532,Issi,Muckersie,imuckersieer@businesswire.com
533,Urbain,Twittey,utwitteyes@bbb.org
534,Marci,Grenshiels,mgrenshielset@imgur.com
535,Kalil,Fitch,kfitcheu@google.com
536,Kary,Briscoe,kbriscoeev@huffingtonpost.com
537,Stevie,Greenroyd,sgreenroydew@cornell.edu
538,Karlotta,Corke,kcorkeex@opensource.org
539,Neile,Pluthero,nplutheroey@goo.gl
540,Kimbra,Blencoe,kblencoeez@gravatar.com
541,Ross,Blain,rblainf0@foxnews.com
542,Georgia,Woller,gwollerf1@soup.io
543,Buckie,Tidgewell,btidgewellf2@ca.gov
544,Amalea,Castagna,acastagnaf3@webeden.co.uk
545,Sigismund,Buckerfield,sbuckerfieldf4@wikimedia.org
546,Cynthy,Desesquelle,cdesesquellef5@surveymonkey.com
547,Timothea,Kenwyn,tkenwynf6@ft.com
548,Lauryn,Decaze,ldecazef7@bbb.org
549,Harrietta,Clavey,hclaveyf8@woothemes.com
550,Fields,Trimbey,ftrimbeyf9@examiner.com
551,Frants,Ney,fneyfa@ft.com
552,Fara,Botcherby,fbotcherbyfb@state.gov
553,Klement,Borchardt,kborchardtfc@nhs.uk
554,Cecilius,Legister,clegisterfd@columbia.edu
555,Ronnica,Griswaite,rgriswaitefe@xinhuanet.com
556,Rasia,Di Bernardo,rdibernardoff@github.io
557,Gayla,Lowdwell,glowdwellfg@i2i.jp
558,Kingsley,Fairchild,kfairchildfh@multiply.com
559,Nadiya,Artharg,narthargfi@admin.ch
560,Carolee,Perot,cperotfj@desdev.cn
561,Hesther,Bubb,hbubbfk@nature.com
562,Thorpe,Kingsnoad,tkingsnoadfl@indiatimes.com
563,Genevra,Hutchason,ghutchasonfm@hc360.com
564,Corabel,Dahlborg,cdahlborgfn@baidu.com
565,Nicolina,Judd,njuddfo@canalblog.com
566,Tara,Stoddard,tstoddardfp@naver.com
567,Ber,Alexander,balexanderfq@phpbb.com
568,Dennie,Bracken,dbrackenfr@stumbleupon.com
569,Friedrick,McAndrew,fmcandrewfs@histats.com
570,Carena,Linzee,clinzeeft@blogger.com
571,Jude,Vickar,jvickarfu@soundcloud.com
572,Misha,Able,mablefv@dell.com
573,Tedda,Hadleigh,thadleighfw@fastcompany.com
574,Dasi,Rosenfield,drosenfieldfx@cafepress.com
575,Anatola,Rodenborch,arodenborchfy@dmoz.org
576,Lynna,Bruyet,lbruyetfz@sfgate.com
577,Ulric,Gask,ugaskg0@ed.gov
578,Jami,Rutter,jrutterg1@bluehost.com
579,Dominica,Simacek,dsimacekg2@blinklist.com
580,Hasty,Dewdney,hdewdneyg3@usa.gov
581,Christye,Baynom,cbaynomg4@theglobeandmail.com
582,Lennard,Charlon,lcharlong5@msn.com
583,Adaline,Belchamber,abelchamberg6@mozilla.org
584,Christopher,Fidele,cfideleg7@ca.gov
585,Saul,Gettone,sgettoneg8@ebay.co.uk
586,Marielle,Renfrew,mrenfrewg9@hugedomains.com
587,Pauly,Hauxwell,phauxwellga@github.io
588,Maurits,Marco,mmarcogb@phpbb.com
589,Alli,Ceeley,aceeleygc@toplist.cz
590,Link,Lys,llysgd@shutterfly.com
591,Eleen,Shoosmith,eshoosmithge@wix.com
592,Deanne,Romaint,dromaintgf@forbes.com
593,Ivy,Stoate,istoategg@dailymotion.com
594,Brandon,Britto,bbrittogh@mozilla.org
595,Austine,Brawley,abrawleygi@tripadvisor.com
596,Arvin,Imbrey,aimbreygj@shareasale.com
597,Hedvige,Durrett,hdurrettgk@sfgate.com
598,Fred,Bernier,fberniergl@dailymail.co.uk
599,Giulia,Waskett,gwaskettgm@amazonaws.com
600,Gene,Allsupp,gallsuppgn@cbsnews.com
601,Mohandas,Letts,mlettsgo@exblog.jp
602,Ashley,Prowting,aprowtinggp@wordpress.org
603,Kylen,Wesgate,kwesgategq@sourceforge.net
604,Ashla,Abramzon,aabramzongr@webeden.co.uk
605,Letty,Strangeways,lstrangewaysgs@w3.org
606,Katherine,Vowells,kvowellsgt@google.com.hk
607,Adair,Yurkov,ayurkovgu@wisc.edu
608,Delmer,Josland,djoslandgv@dropbox.com
609,Boyd,Sonner,bsonnergw@umich.edu
610,Renie,Kenwrick,rkenwrickgx@netscape.com
611,Mirabelle,Faull,mfaullgy@themeforest.net
612,Katti,Pedrick,kpedrickgz@icq.com
613,Aurea,Suggitt,asuggitth0@bloglovin.com
614,Aimil,Doulton,adoultonh1@smugmug.com
615,Lalo,Gyer,lgyerh2@ustream.tv
616,Brooke,Vreede,bvreedeh3@e-recht24.de
617,Brew,Blois,bbloish4@instagram.com
618,Adah,Orbell,aorbellh5@delicious.com
619,Faustine,Brackley,fbrackleyh6@eventbrite.com
620,Jody,Brogi,jbrogih7@yolasite.com
621,Glynnis,Jimmison,gjimmisonh8@shareasale.com
622,Kaitlyn,Parnaby,kparnabyh9@hp.com
623,Nissie,Oty,notyha@cyberchimps.com
624,Corenda,Wilder,cwilderhb@netlog.com
625,Zachariah,Speck,zspeckhc@wikimedia.org
626,Pauly,Kearsley,pkearsleyhd@typepad.com
627,Rosana,Draysey,rdrayseyhe@woothemes.com
628,Marci,Behnecke,mbehneckehf@vistaprint.com
629,Marybeth,Mitchenson,mmitchensonhg@1und1.de
630,Davine,Radloff,dradloffhh@elpais.com
631,Diandra,Pearde,dpeardehi@blogspot.com
632,Ailis,Champion,achampionhj@mediafire.com
633,Fletch,Piggott,fpiggotthk@fc2.com
634,Wainwright,Seabridge,wseabridgehl@privacy.gov.au
635,Maurizio,Hasson,mhassonhm@mysql.com
636,Cathi,Gibbons,cgibbonshn@eventbrite.com
637,Jerri,Fouldes,jfouldesho@pbs.org
638,Agnola,Wagge,awaggehp@bigcartel.com
639,Ali,Lineen,alineenhq@clickbank.net
640,Bo,Bletsor,bbletsorhr@netvibes.com
641,Ferdy,Bliven,fblivenhs@ezinearticles.com
642,Nikki,Oels,noelsht@hp.com
643,Durant,Waith,dwaithhu@engadget.com
644,Ilsa,Pilkinton,ipilkintonhv@fastcompany.com
645,Leighton,McNeice,lmcneicehw@va.gov
646,Coreen,Buss,cbusshx@marriott.com
647,Horacio,Pooly,hpoolyhy@so-net.ne.jp
648,Ross,Lockhart,rlockharthz@nba.com
649,Bettina,Asson,bassoni0@newsvine.com
650,Tedmund,Fassmann,tfassmanni1@newyorker.com
651,Consuelo,Burberry,cburberryi2@ucsd.edu
652,Theobald,Du Fray,tdufrayi3@sbwire.com
653,Hogan,Sima,hsimai4@cbslocal.com
654,Mair,Laffan,mlaffani5@bluehost.com
655,Mead,Meates,mmeatesi6@ning.com
656,Mohandis,Yakovl,myakovli7@cloudflare.com
657,Brunhilde,Whittet,bwhitteti8@illinois.edu
658,Crichton,Christophe,cchristophei9@bing.com
659,Sarena,Siderfin,ssiderfinia@youku.com
660,Alidia,Stonebridge,astonebridgeib@disqus.com
661,Cornelius,MacAulay,cmacaulayic@latimes.com
662,Caesar,Lucchi,clucchiid@twitter.com
663,Valentia,Bailles,vbaillesie@toplist.cz
664,Gianni,Taffee,gtaffeeif@delicious.com
665,Stacee,Dowe,sdoweig@virginia.edu
666,Edvard,Hoyte,ehoyteih@netvibes.com
667,Archie,Lowne,alowneii@google.fr
668,Elene,McKean,emckeanij@diigo.com
669,Leshia,Antoniak,lantoniakik@infoseek.co.jp
670,Ximenez,Hutchings,xhutchingsil@rakuten.co.jp
671,Georgeanna,Mingotti,gmingottiim@behance.net
672,Amil,Doge,adogein@canalblog.com
673,Zedekiah,Fairclough,zfaircloughio@si.edu
674,Clark,Olwen,colwenip@hp.com
675,Glynis,Wooton,gwootoniq@cdbaby.com
676,Quint,Mollindinia,qmollindiniair@amazon.com
677,Mordy,Blant,mblantis@cbsnews.com
678,Ardelis,Craigheid,acraigheidit@netvibes.com
679,Chester,Jouning,cjouningiu@utexas.edu
680,Meredith,Blonden,mblondeniv@shutterfly.com
681,Nannie,Birkett,nbirkettiw@netlog.com
682,Austina,Pennell,apennellix@tuttocitta.it
683,Teddy,Pinck,tpinckiy@ow.ly
684,Verene,Celle,vcelleiz@cisco.com
685,Gale,Stoggell,gstoggellj0@pcworld.com
686,Theo,Drieu,tdrieuj1@sciencedirect.com
687,Indira,Moseby,imosebyj2@samsung.com
688,Antonella,Wooffitt,awooffittj3@theguardian.com
689,Sully,Chrstine,schrstinej4@tripod.com
690,Hercule,Dingivan,hdingivanj5@seattletimes.com
691,Mathe,Allcoat,mallcoatj6@jugem.jp
692,Selia,Toffanelli,stoffanellij7@mashable.com
693,Kimberli,Gorey,kgoreyj8@webnode.com
694,Kanya,Bonevant,kbonevantj9@yelp.com
695,Eldon,Presdie,epresdieja@wikipedia.org
696,Anna,Salvador,asalvadorjb@bloglines.com
697,Marianna,Collet,mcolletjc@unc.edu
698,Darryl,McGrirl,dmcgrirljd@123-reg.co.uk
699,Cornie,Wadley,cwadleyje@utexas.edu
700,Eustace,Goodday,egooddayjf@opera.com
701,Reinhard,Kinnett,rkinnettjg@china.com.cn
702,Donaugh,Darnborough,ddarnboroughjh@ocn.ne.jp
703,Foster,Rupprecht,frupprechtji@hatena.ne.jp
704,Willy,Guitel,wguiteljj@seesaa.net
705,Kristina,Casaro,kcasarojk@posterous.com
706,Carlie,Millson,cmillsonjl@i2i.jp
707,Margarete,Brend,mbrendjm@uol.com.br
708,Alano,Shew,ashewjn@wordpress.com
709,Ezri,Bellfield,ebellfieldjo@opensource.org
710,Pepillo,Josefs,pjosefsjp@businesswire.com
711,Zara,Booton,zbootonjq@google.es
712,Lauretta,Bagnold,lbagnoldjr@umn.edu
713,Fergus,Luberto,flubertojs@ifeng.com
714,Marguerite,Reavey,mreaveyjt@toplist.cz
715,Rea,Poyser,rpoyserju@telegraph.co.uk
716,Lavinia,Wyne,lwynejv@smugmug.com
717,Peggy,Bows,pbowsjw@google.com.br
718,Celestyna,Enders,cendersjx@nasa.gov
719,Casar,Noor,cnoorjy@craigslist.org
720,Modestia,Iliffe,miliffejz@jiathis.com
721,Tootsie,Immings,timmingsk0@netlog.com
722,Krysta,Matisse,kmatissek1@yahoo.co.jp
723,Sholom,Wallwork,swallworkk2@bbb.org
724,Blaine,De Vere,bdeverek3@surveymonkey.com
725,Thornie,Castell,tcastellk4@yale.edu
726,Moyna,Jindrak,mjindrakk5@cafepress.com
727,Carol,Ogle,coglek6@1688.com
728,Deck,Matashkin,dmatashkink7@hp.com
729,Carla,Carlisle,ccarlislek8@google.com.hk
730,Abbott,Eastway,aeastwayk9@arstechnica.com
731,Prudence,Daily,pdailyka@ed.gov
732,Felix,Sollis,fsolliskb@weibo.com
733,Prentice,Ansill,pansillkc@sitemeter.com
734,Nicolina,Chelam,nchelamkd@amazon.de
735,Pattie,Outerbridge,pouterbridgeke@pen.io
736,Faina,Burke,fburkekf@cbslocal.com
737,Karia,Tremblay,ktremblaykg@phpbb.com
738,Neilla,Caws,ncawskh@google.it
739,Herve,Bispo,hbispoki@addthis.com
740,Jakie,Harborow,jharborowkj@infoseek.co.jp
741,Rufe,Sultan,rsultankk@example.com
742,Marchall,McWhin,mmcwhinkl@cyberchimps.com
743,Beth,Dulson,bdulsonkm@utexas.edu
744,Cissiee,Wilbraham,cwilbrahamkn@si.edu
745,Aretha,Bradd,abraddko@icio.us
746,Orella,Jewes,ojeweskp@examiner.com
747,Domenic,Bosence,dbosencekq@amazon.co.jp
748,Harmon,Ivanyushin,hivanyushinkr@miitbeian.gov.cn
749,Cherey,Edinborough,cedinboroughks@answers.com
750,Charlean,Ridoutt,cridouttkt@i2i.jp
751,Roanne,Shuard,rshuardku@google.com.au
752,Alyse,Salle,asallekv@cisco.com
753,Hakim,Killiam,hkilliamkw@dyndns.org
754,Demott,Morgen,dmorgenkx@php.net
755,Amalita,Hovel,ahovelky@va.gov
756,Calley,Truluck,ctruluckkz@archive.org
757,Wells,MacCourt,wmaccourtl0@cnet.com
758,Josias,Olive,jolivel1@nydailynews.com
759,Jarred,Wagerfield,jwagerfieldl2@livejournal.com
760,Nicky,Course,ncoursel3@redcross.org
761,Barclay,Mewe,bmewel4@jimdo.com
762,Silvio,Tarr,starrl5@soup.io
763,Fitz,Prozillo,fprozillol6@cbc.ca
764,Tucker,Trusse,ttrussel7@alexa.com
765,Dotty,Kopecka,dkopeckal8@senate.gov
766,Sterling,Tarn,starnl9@ning.com
767,Katine,Allone,kallonela@shinystat.com
768,Honor,Crumby,hcrumbylb@theguardian.com
769,Scottie,Ciciura,sciciuralc@stumbleupon.com
770,Teador,Cullen,tcullenld@earthlink.net
771,Ketty,Salack,ksalackle@mapquest.com
772,Ian,Siehard,isiehardlf@census.gov
773,Candra,Scrauniage,cscrauniagelg@rambler.ru
774,Reggie,Sames,rsameslh@bandcamp.com
775,Yolanda,Franchioni,yfranchionili@hexun.com
776,Son,Allenson,sallensonlj@drupal.org
777,Alene,Aire,aairelk@hc360.com
778,Pauly,Erickson,pericksonll@chron.com
779,Christiana,Holworth,cholworthlm@reverbnation.com
780,Karel,Oloshin,koloshinln@huffingtonpost.com
781,Rana,Sandbrook,rsandbrooklo@cyberchimps.com
782,Donelle,Bloschke,dbloschkelp@wikimedia.org
783,Erena,Lait,elaitlq@google.it
784,Levy,Sailer,lsailerlr@slate.com
785,Lexy,MacUchadair,lmacuchadairls@wisc.edu
786,Kasey,McCandie,kmccandielt@unblog.fr
787,Josh,Stobbart,jstobbartlu@icio.us
788,Jaquith,Olyet,jolyetlv@domainmarket.com
789,Rodolfo,Saywell,rsaywelllw@blogspot.com
790,Benedetta,Pawelczyk,bpawelczyklx@house.gov
791,Mordecai,Gillie,mgilliely@wired.com
792,Anne-marie,Dumbleton,adumbletonlz@home.pl
793,Karlis,Smetoun,ksmetounm0@webs.com
794,Reinald,Calam,rcalamm1@cocolog-nifty.com
795,Ronda,Cheyne,rcheynem2@wufoo.com
796,Josi,Gallgher,jgallgherm3@so-net.ne.jp
797,Justino,Ivashnikov,jivashnikovm4@oaic.gov.au
798,Marv,Valder,mvalderm5@wp.com
799,Zora,Tabor,ztaborm6@whitehouse.gov
800,Chrystel,Been,cbeenm7@multiply.com
801,Shea,Craigg,scraiggm8@123-reg.co.uk
802,Elsworth,Drury,edrurym9@berkeley.edu
803,Georgina,Duke,gdukema@xinhuanet.com
804,Urbain,Lambertson,ulambertsonmb@huffingtonpost.com
805,Noel,Darke,ndarkemc@trellian.com
806,Valencia,MacMarcuis,vmacmarcuismd@feedburner.com
807,L;urette,Rodrig,lrodrigme@mlb.com
808,Mason,MacGauhy,mmacgauhymf@kickstarter.com
809,Rozanne,Hutchinson,rhutchinsonmg@barnesandnoble.com
810,Carrie,McAndie,cmcandiemh@51.la
811,Abbott,Jakel,ajakelmi@com.com
812,Tab,Wharram,twharrammj@miibeian.gov.cn
813,Ignazio,Helleckas,ihelleckasmk@live.com
814,Fitz,Nary,fnaryml@cnn.com
815,Elisha,Francescuccio,efrancescucciomm@sphinn.com
816,Bonni,Payler,bpaylermn@addtoany.com
817,Ariel,Braban,abrabanmo@miitbeian.gov.cn
818,Hunt,Shacklady,hshackladymp@disqus.com
819,Marys,McQuaide,mmcquaidemq@webmd.com
820,Sibbie,Udall,sudallmr@fotki.com
821,Belia,Kirwin,bkirwinms@princeton.edu
822,Tam,Willoughey,twillougheymt@ft.com
823,Shena,Bolton,sboltonmu@statcounter.com
824,Thibaut,Challiss,tchallissmv@sciencedirect.com
825,Neil,Darey,ndareymw@washington.edu
826,Ralina,McArthur,rmcarthurmx@symantec.com
827,Derby,Mews,dmewsmy@chron.com
828,Pasquale,Le Quesne,plequesnemz@hud.gov
829,Jaclin,O'Hegertie,johegertien0@360.cn
830,Julianne,Lymer,jlymern1@dot.gov
831,Lodovico,Misken,lmiskenn2@blog.com
832,Rafaelita,Covendon,rcovendonn3@angelfire.com
833,Constancy,Henrion,chenrionn4@edublogs.org
834,Had,Mattiello,hmattiellon5@tuttocitta.it
835,Richmond,Marrow,rmarrown6@edublogs.org
836,Ekaterina,Parlott,eparlottn7@shareasale.com
837,Kaiser,Safell,ksafelln8@cafepress.com
838,Kimbra,Bloss,kblossn9@admin.ch
839,Cherry,Shirrell,cshirrellna@mac.com
840,Beck,Burgane,bburganenb@google.it
841,Gelya,Spillett,gspillettnc@uol.com.br
842,Doria,Simmonett,dsimmonettnd@cnet.com
843,Tarah,Mitchel,tmitchelne@cafepress.com
844,Zoe,Perazzo,zperazzonf@ted.com
845,Marlena,Ghilks,mghilksng@elpais.com
846,Ania,Loukes,aloukesnh@paginegialle.it
847,Pall,Pedel,ppedelni@washington.edu
848,Brynna,Grigoliis,bgrigoliisnj@jigsy.com
849,Blane,Capp,bcappnk@army.mil
850,Meridel,Wortman,mwortmannl@kickstarter.com
851,Padraic,Pigot,ppigotnm@youtube.com
852,Nonah,Kleinsmuntz,nkleinsmuntznn@blinklist.com
853,Nanni,Borleace,nborleaceno@fotki.com
854,Becki,Gooday,bgoodaynp@salon.com
855,Winonah,Bowcock,wbowcocknq@themeforest.net
856,Frazier,Caizley,fcaizleynr@lycos.com
857,Gunther,Tuffey,gtuffeyns@stumbleupon.com
858,Lynn,Cleminson,lcleminsonnt@berkeley.edu
859,Xavier,Abercrombie,xabercrombienu@furl.net
860,Nehemiah,Carmody,ncarmodynv@godaddy.com
861,Fremont,Scirman,fscirmannw@youku.com
862,Meggi,Menghi,mmenghinx@unblog.fr
863,Alleyn,Lawdham,alawdhamny@lycos.com
864,Trista,Puller,tpullernz@bing.com
865,Gabi,Jantzen,gjantzeno0@google.fr
866,Donnajean,Poynor,dpoynoro1@sciencedirect.com
867,Olimpia,Rubenov,orubenovo2@who.int
868,Tiffanie,Daughtry,tdaughtryo3@lulu.com
869,Raynard,Cory,rcoryo4@apple.com
870,Chanda,Jowitt,cjowitto5@altervista.org
871,Claudetta,Kuban,ckubano6@nba.com
872,Jesselyn,Kubica,jkubicao7@bandcamp.com
873,Minerva,Richards,mrichardso8@dot.gov
874,Denise,Lahiff,dlahiffo9@chronoengine.com
875,Clare,Thinn,cthinnoa@sakura.ne.jp
876,Amy,Jamson,ajamsonob@posterous.com
877,Ximenes,Costock,xcostockoc@examiner.com
878,Amory,Skpsey,askpseyod@blinklist.com
879,Jamaal,Dod,jdodoe@netlog.com
880,Olivette,Marjanski,omarjanskiof@auda.org.au
881,Gail,Woodall,gwoodallog@people.com.cn
882,Kalie,Pratton,kprattonoh@ed.gov
883,Zebedee,Barzen,zbarzenoi@mapquest.com
884,Maxine,Dorrance,mdorranceoj@prnewswire.com
885,Orel,Scorey,oscoreyok@bbc.co.uk
886,Milty,Stower,mstowerol@nbcnews.com
887,Karen,Sallery,ksalleryom@pagesperso-orange.fr
888,Shirleen,Skeen,sskeenon@ebay.co.uk
889,Leopold,Foxcroft,lfoxcroftoo@blogger.com
890,Elsworth,Siverns,esivernsop@feedburner.com
891,Neddy,Chase,nchaseoq@imgur.com
892,Brantley,Royal,broyalor@cloudflare.com
893,Abagael,Puttan,aputtanos@kickstarter.com
894,Monte,Hunsworth,mhunsworthot@howstuffworks.com
895,Alvira,Dast,adastou@paypal.com
896,Ulrick,Traill,utraillov@ca.gov
897,Tudor,Berthelmot,tberthelmotow@nps.gov
898,Tully,Brimmell,tbrimmellox@ucoz.ru
899,Angy,Lorenzetti,alorenzettioy@ebay.co.uk
900,Aloysia,Espinoy,aespinoyoz@dagondesign.com
901,Artus,Thickens,athickensp0@admin.ch
902,Brannon,Grahame,bgrahamep1@elpais.com
903,Horace,Dunnan,hdunnanp2@accuweather.com
904,Justis,Lascelles,jlascellesp3@buzzfeed.com
905,Alexandros,Biles,abilesp4@sogou.com
906,Bjorn,Leitch,bleitchp5@hibu.com
907,Loleta,Wauchope,lwauchopep6@myspace.com
908,Pat,Olley,polleyp7@ebay.com
909,Willey,Geratt,wgerattp8@cbc.ca
910,Kissie,Babe,kbabep9@fda.gov
911,Alma,Blanckley,ablanckleypa@mail.ru
912,Cinderella,Cranke,ccrankepb@cornell.edu
913,Kendricks,Kiera,kkierapc@yellowbook.com
914,Aline,Brittan,abrittanpd@state.tx.us
915,Tamera,Pandya,tpandyape@friendfeed.com
916,Aldous,Bertot,abertotpf@scientificamerican.com
917,Allyn,Jiras,ajiraspg@nymag.com
918,Val,O'Heagertie,voheagertieph@house.gov
919,Leland,Gipp,lgipppi@lulu.com
920,Meara,Pepineaux,mpepineauxpj@chronoengine.com
921,Inga,Grayland,igraylandpk@etsy.com
922,Renard,Aggis,raggispl@usatoday.com
923,Rayshell,Crawford,rcrawfordpm@discuz.net
924,Ronalda,Regina,rreginapn@shutterfly.com
925,Melania,Dudderidge,mdudderidgepo@dion.ne.jp
926,Matilda,Oliphard,moliphardpp@nasa.gov
927,Lyndell,Bossel,lbosselpq@virginia.edu
928,Jameson,Bownass,jbownasspr@mashable.com
929,Suzann,Swenson,sswensonps@cisco.com
930,Nicolais,Berardt,nberardtpt@scientificamerican.com
931,Clarine,Kubalek,ckubalekpu@devhub.com
932,Netty,Bateson,nbatesonpv@goo.gl
933,Emerson,Asty,eastypw@cnet.com
934,Dena,Byres,dbyrespx@geocities.jp
935,Anderea,Sterland,asterlandpy@xing.com
936,Ricky,Rozet,rrozetpz@soundcloud.com
937,Dulcy,Lambregts,dlambregtsq0@sitemeter.com
938,Fiona,Idwal Evans,fidwalevansq1@jalbum.net
939,Filmer,Gitting,fgittingq2@rambler.ru
940,Mara,Betho,mbethoq3@cloudflare.com
941,Evyn,Gunton,eguntonq4@usgs.gov
942,Salomon,Bugbee,sbugbeeq5@google.com.hk
943,Frayda,Mabbot,fmabbotq6@salon.com
944,Josie,Paddock,jpaddockq7@1und1.de
945,Ealasaid,Wolfenden,ewolfendenq8@nba.com
946,Etta,Korous,ekorousq9@nydailynews.com
947,Hermie,Dehn,hdehnqa@vimeo.com
948,Genovera,Tremathack,gtremathackqb@netscape.com
949,Bea,Kures,bkuresqc@seesaa.net
950,Hiram,Lumpkin,hlumpkinqd@alexa.com
951,Teri,Jakubowsky,tjakubowskyqe@paginegialle.it
952,Alvin,Henzley,ahenzleyqf@soup.io
953,Mendy,Crockley,mcrockleyqg@gmpg.org
954,Tammy,Crangle,tcrangleqh@free.fr
955,Annabell,Wrotchford,awrotchfordqi@examiner.com
956,Sheryl,Ronchka,sronchkaqj@ustream.tv
957,Hannah,Lanfer,hlanferqk@clickbank.net
958,Hermine,Bertot,hbertotql@dailymail.co.uk
959,Burt,Toward,btowardqm@zimbio.com
960,Lindie,Plumstead,lplumsteadqn@dyndns.org
961,Kath,O' Mulderrig,komulderrigqo@wired.com
962,Madelene,Dominguez,mdominguezqp@elpais.com
963,Maje,Hlavecek,mhlavecekqq@time.com
964,Myer,Breffit,mbreffitqr@guardian.co.uk
965,Siana,Osichev,sosichevqs@prweb.com
966,Leisha,Ceaplen,lceaplenqt@yelp.com
967,Kenny,Twyning,ktwyningqu@sakura.ne.jp
968,Ally,Josefsson,ajosefssonqv@marriott.com
969,Sheelagh,Beckinsall,sbeckinsallqw@slate.com
970,Jacquelynn,Trosdall,jtrosdallqx@imdb.com
971,Rollins,Dieton,rdietonqy@slashdot.org
972,Shannen,Whylie,swhylieqz@deliciousdays.com
973,Lucho,Lowrance,llowrancer0@pen.io
974,Zenia,Hayzer,zhayzerr1@ftc.gov
975,Judie,Eyree,jeyreer2@studiopress.com
976,Chelsie,Mc Faul,cmcfaulr3@epa.gov
977,Wayland,Crown,wcrownr4@privacy.gov.au
978,Jere,Gawkes,jgawkesr5@fda.gov
979,Susanna,Edmondson,sedmondsonr6@yandex.ru
980,Bartel,Meni,bmenir7@edublogs.org
981,Maud,Aleshkov,maleshkovr8@cbslocal.com
982,Demetria,Duerden,dduerdenr9@example.com
983,Margot,Isenor,misenorra@toplist.cz
984,Fanchon,Giraudo,fgiraudorb@wired.com
985,Alfonso,Plank,aplankrc@xrea.com
986,Murdoch,Schinetti,mschinettird@theatlantic.com
987,Filippa,Windross,fwindrossre@elpais.com
988,Allyce,Isaacson,aisaacsonrf@baidu.com
989,Alvira,Dalgleish,adalgleishrg@creativecommons.org
990,Aaron,Oldnall,aoldnallrh@eventbrite.com
991,Taddeo,Dosdale,tdosdaleri@webmd.com
992,Carlota,Bampton,cbamptonrj@webnode.com
993,Fidole,Tosdevin,ftosdevinrk@google.nl
994,Tedra,Paulet,tpauletrl@amazonaws.com
995,Alexandrina,Kenward,akenwardrm@people.com.cn
996,Brandon,Browell,bbrowellrn@vinaora.com
997,Brita,Shillam,bshillamro@cbslocal.com
998,Dona,Dmitrovic,ddmitrovicrp@miitbeian.gov.cn
999,Donny,Dugget,dduggetrq@mediafire.com
1000,Charissa,Gerraty,cgerratyrr@uiuc.edu
